SubjectID,WhichTask,Sequenz,Word,KeyName,RT,Condition,Correct,AnswerType,d_e_sw,e_d_sw,Trigger_Sent,Word_Pseudoword,Language,Test
CA0,switch,P,Scrashle,RightArrow,1.41518402099609,nsw_p_p,1,p_p_crj,NaN,NaN,319,2,3,2
CA0,switch,D,Trommel,LeftArrow,0.773746967315674,nsw_p_d,1,p_d_hit,NaN,NaN,317,1,1,2
CA0,switch,E,Cornet,RightArrow,1.98018193244934,sw_d_e,0,d_e_miss,1,NaN,322,1,2,2
CA0,switch,P,Senlau,RightArrow,0.886465072631836,nsw_e_p,1,e_p_crj,NaN,NaN,316,2,3,2
CA0,switch,P,Bautin,RightArrow,1.38259696960449,nsw_p_p,1,p_p_crj,NaN,NaN,319,2,3,2
CA0,switch,E,Rabbit,LeftArrow,0.649177074432373,nsw_p_e,1,p_e_hit,NaN,NaN,318,1,2,2
CA0,switch,E,Upbeat,LeftArrow,1.31799602508545,nsw_e_e,1,e_e_hit,NaN,NaN,315,1,2,2
CA0,switch,P,Weuka,RightArrow,0.674861907958984,nsw_e_p,1,e_p_crj,NaN,NaN,316,2,3,2
CA0,switch,D,Hummel,LeftArrow,0.613890171051025,nsw_p_d,1,p_d_hit,NaN,NaN,317,1,1,2
CA0,switch,P,Sonchain,RightArrow,0.962886095046997,nsw_d_p,1,d_p_crj,NaN,NaN,313,2,3,2
CA0,switch,E,Ankle,LeftArrow,0.926445007324219,nsw_p_e,1,p_e_hit,NaN,NaN,318,1,2,2
CA0,switch,D,Fenchel,LeftArrow,0.602757930755615,sw_e_d,1,e_d_hit,NaN,1,314,1,1,2
CA0,switch,D,Auto,LeftArrow,0.487401962280273,nsw_d_d,1,d_d_hit,NaN,NaN,311,1,1,2
CA0,switch,E,Candle,LeftArrow,0.672851085662842,sw_d_e,1,d_e_hit,1,NaN,312,1,2,2
CA0,switch,D,Zirkel,LeftArrow,1.09758615493774,sw_e_d,1,e_d_hit,NaN,1,314,1,1,2
CA0,switch,D,Eisen,LeftArrow,0.553276062011719,nsw_d_d,1,d_d_hit,NaN,NaN,311,1,1,2
CA0,switch,P,Zenschirr,RightArrow,0.934224128723145,nsw_d_p,1,d_p_crj,NaN,NaN,313,2,3,2
CA0,switch,D,Geige,LeftArrow,0.716140985488892,nsw_p_d,1,p_d_hit,NaN,NaN,317,1,1,2
CA0,switch,D,Geschirr,LeftArrow,0.714970111846924,nsw_d_d,1,d_d_hit,NaN,NaN,311,1,1,2
CA0,switch,E,Clinic,LeftArrow,0.875488996505737,sw_d_e,1,d_e_hit,1,NaN,312,1,2,2
CA0,switch,P,Copair,RightArrow,1.51779389381409,nsw_e_p,1,e_p_crj,NaN,NaN,316,2,3,2
CA0,switch,E,Carrot,LeftArrow,0.642325162887573,nsw_p_e,1,p_e_hit,NaN,NaN,318,1,2,2
CA0,switch,D,Socke,LeftArrow,0.605062007904053,sw_e_d,1,e_d_hit,NaN,1,314,1,1,2
CA0,switch,D,Schreibtisch,LeftArrow,0.575946092605591,nsw_d_d,1,d_d_hit,NaN,NaN,311,1,1,2
CA0,switch,E,Rainbow,LeftArrow,0.568909883499146,sw_d_e,1,d_e_hit,1,NaN,312,1,2,2
CA0,switch,P,Rhumon,RightArrow,1.44361400604248,nsw_e_p,1,e_p_crj,NaN,NaN,316,2,3,2
CA0,switch,E,Dolphin,LeftArrow,0.776510953903198,nsw_p_e,1,p_e_hit,NaN,NaN,318,1,2,2
CA0,switch,D,Maler,LeftArrow,0.590785980224609,sw_e_d,1,e_d_hit,NaN,1,314,1,1,2
CA0,switch,E,Elbow,LeftArrow,1.98805499076843,sw_d_e,1,d_e_hit,1,NaN,312,1,2,2
CA0,switch,D,Schere,LeftArrow,0.779445886611938,sw_e_d,1,e_d_hit,NaN,1,314,1,1,2
CA0,switch,D,Lampe,LeftArrow,0.521932125091553,nsw_d_d,1,d_d_hit,NaN,NaN,311,1,1,2
CA0,switch,E,Beetroot,LeftArrow,0.875220060348511,sw_d_e,1,d_e_hit,1,NaN,312,1,2,2
CA0,switch,P,Denrobe,RightArrow,1.11740803718567,nsw_e_p,1,e_p_crj,NaN,NaN,316,2,3,2
CA0,switch,P,Tarmaul,RightArrow,1.20325493812561,nsw_p_p,1,p_p_crj,NaN,NaN,319,2,3,2
CA0,switch,E,Olive,LeftArrow,0.588644027709961,nsw_p_e,1,p_e_hit,NaN,NaN,318,1,2,2
CA0,switch,E,Hunting,LeftArrow,0.747586965560913,nsw_e_e,1,e_e_hit,NaN,NaN,315,1,2,2
CA0,switch,D,Platin,LeftArrow,0.892095804214478,sw_e_d,1,e_d_hit,NaN,1,314,1,1,2
CA0,switch,E,Eagle,LeftArrow,0.738484859466553,sw_d_e,1,d_e_hit,1,NaN,312,1,2,2
CA0,switch,P,Scheurol,RightArrow,0.955014944076538,nsw_e_p,1,e_p_crj,NaN,NaN,316,2,3,2
CA0,switch,P,Lamke,RightArrow,0.699114084243774,nsw_p_p,1,p_p_crj,NaN,NaN,319,2,3,2
CA0,switch,D,Kutsche,LeftArrow,0.711864948272705,nsw_p_d,1,p_d_hit,NaN,NaN,317,1,1,2
CA0,switch,D,Traktor,LeftArrow,0.582182168960571,nsw_d_d,1,d_d_hit,NaN,NaN,311,1,1,2
CA0,switch,D,Pfanne,LeftArrow,0.549598932266235,nsw_d_d,1,d_d_hit,NaN,NaN,311,1,1,2
CA0,switch,P,Trolfid,RightArrow,0.798573970794678,nsw_d_p,1,d_p_crj,NaN,NaN,313,2,3,2
CA0,switch,E,Juggling,LeftArrow,0.823048114776611,nsw_p_e,1,p_e_hit,NaN,NaN,318,1,2,2
CA0,switch,E,Carbon,LeftArrow,0.857594966888428,nsw_e_e,1,e_e_hit,NaN,NaN,315,1,2,2
CA0,switch,E,Muscle,LeftArrow,0.671844005584717,nsw_e_e,1,e_e_hit,NaN,NaN,315,1,2,2
CA0,switch,E,Almond,LeftArrow,0.718734979629517,nsw_e_e,1,e_e_hit,NaN,NaN,315,1,2,2
CA0,switch,D,Schale,LeftArrow,0.505357980728149,sw_e_d,1,e_d_hit,NaN,1,314,1,1,2
CA0,switch,P,Skatwrest,RightArrow,0.890424013137817,nsw_d_p,1,d_p_crj,NaN,NaN,313,2,3,2
CA0,switch,D,Ente,LeftArrow,0.594755172729492,nsw_p_d,1,p_d_hit,NaN,NaN,317,1,1,2
CA0,switch,D,Apfel,LeftArrow,0.495672941207886,nsw_d_d,1,d_d_hit,NaN,NaN,311,1,1,2
CA0,switch,P,Scherfech,RightArrow,1.35262799263,nsw_d_p,1,d_p_crj,NaN,NaN,313,2,3,2
CA0,switch,D,Tasse,LeftArrow,0.679678916931152,nsw_p_d,1,p_d_hit,NaN,NaN,317,1,1,2
CA0,switch,E,Castle,LeftArrow,0.516511201858521,sw_d_e,1,d_e_hit,1,NaN,312,1,2,2
CA0,switch,E,Raisin,LeftArrow,1.60565090179443,nsw_e_e,1,e_e_hit,NaN,NaN,315,1,2,2
CA0,switch,E,Greenhouse,LeftArrow,0.695781946182251,nsw_e_e,1,e_e_hit,NaN,NaN,315,1,2,2
CA0,switch,D,Harfe,LeftArrow,0.632556915283203,sw_e_d,1,e_d_hit,NaN,1,314,1,1,2
CA0,switch,P,Rabmod,RightArrow,1.01735687255859,nsw_d_p,1,d_p_crj,NaN,NaN,313,2,3,2
CA0,switch,P,Primock,RightArrow,0.787446022033691,nsw_p_p,1,p_p_crj,NaN,NaN,319,2,3,2
CA0,switch,D,Anzug,LeftArrow,0.529994964599609,nsw_p_d,1,p_d_hit,NaN,NaN,317,1,1,2
CA0,switch,E,Quartet,LeftArrow,1.02711296081543,sw_d_e,1,d_e_hit,1,NaN,312,1,2,2
CA0,switch,P,Swalpen,RightArrow,0.918825149536133,nsw_e_p,1,e_p_crj,NaN,NaN,316,2,3,2
CA0,switch,P,Slipdol,RightArrow,1.31112122535706,nsw_p_p,1,p_p_crj,NaN,NaN,319,2,3,2
CA0,switch,E,Turkey,LeftArrow,0.574563026428223,nsw_p_e,1,p_e_hit,NaN,NaN,318,1,2,2
CA0,switch,E,Closet,LeftArrow,0.659677028656006,nsw_e_e,1,e_e_hit,NaN,NaN,315,1,2,2
CA0,switch,D,Rathaus,LeftArrow,0.546396970748901,sw_e_d,1,e_d_hit,NaN,1,314,1,1,2
CA0,switch,P,Tichsol,RightArrow,0.863338947296143,nsw_d_p,1,d_p_crj,NaN,NaN,313,2,3,2
CA0,switch,D,Zunge,LeftArrow,0.525554895401001,nsw_p_d,1,p_d_hit,NaN,NaN,317,1,1,2
CA0,switch,E,Peanut,LeftArrow,0.696793079376221,sw_d_e,1,d_e_hit,1,NaN,312,1,2,2
CA0,switch,E,Rocket,LeftArrow,0.637375116348267,nsw_e_e,1,e_e_hit,NaN,NaN,315,1,2,2
CA0,switch,E,Swallow,LeftArrow,0.618458986282349,nsw_e_e,1,e_e_hit,NaN,NaN,315,1,2,2
CA0,switch,D,Scheune,LeftArrow,0.601383924484253,sw_e_d,1,e_d_hit,NaN,1,314,1,1,2
CA0,switch,E,Actor,LeftArrow,0.55646800994873,sw_d_e,1,d_e_hit,1,NaN,312,1,2,2
CA0,switch,D,Schraube,LeftArrow,0.535367965698242,sw_e_d,1,e_d_hit,NaN,1,314,1,1,2
CA0,switch,D,Schwimmen,LeftArrow,0.478442907333374,nsw_d_d,1,d_d_hit,NaN,NaN,311,1,1,2
CA0,switch,D,Gurke,LeftArrow,0.547460079193115,nsw_d_d,1,d_d_hit,NaN,NaN,311,1,1,2
CA0,switch,E,Shoulder,LeftArrow,0.64637017250061,sw_d_e,1,d_e_hit,1,NaN,312,1,2,2
CA0,switch,D,Litschi,LeftArrow,0.791436910629272,sw_e_d,1,e_d_hit,NaN,1,314,1,1,2
CA0,switch,P,Jogschu,RightArrow,1.65598511695862,nsw_d_p,1,d_p_crj,NaN,NaN,313,2,3,2
CA0,switch,P,Somga,RightArrow,0.864419937133789,nsw_p_p,1,p_p_crj,NaN,NaN,319,2,3,2
CA0,switch,D,Schule,LeftArrow,0.556412935256958,nsw_p_d,1,p_d_hit,NaN,NaN,317,1,1,2
CA0,switch,D,Salat,LeftArrow,0.575464963912964,nsw_d_d,1,d_d_hit,NaN,NaN,311,1,1,2
CA0,switch,D,Nacken,LeftArrow,0.498335838317871,nsw_d_d,1,d_d_hit,NaN,NaN,311,1,1,2
CA0,switch,D,Kissen,LeftArrow,0.405486106872559,nsw_d_d,1,d_d_hit,NaN,NaN,311,1,1,2
CA0,switch,E,Squirrel,LeftArrow,0.702831983566284,sw_d_e,1,d_e_hit,1,NaN,312,1,2,2
CA0,switch,D,Papier,LeftArrow,0.505191087722778,sw_e_d,1,e_d_hit,NaN,1,314,1,1,2
CA0,switch,D,Fabrik,LeftArrow,0.572530031204224,nsw_d_d,1,d_d_hit,NaN,NaN,311,1,1,2
CA0,switch,P,Shindrew,RightArrow,0.737435102462769,nsw_d_p,1,d_p_crj,NaN,NaN,313,2,3,2
CA0,switch,E,Ruler,LeftArrow,0.588016986846924,nsw_p_e,1,p_e_hit,NaN,NaN,318,1,2,2
CA0,switch,D,Reiten,LeftArrow,0.546955108642578,sw_e_d,1,e_d_hit,NaN,1,314,1,1,2
CA0,switch,E,Rickshaw,RightArrow,0.996324062347412,sw_d_e,0,d_e_miss,1,NaN,322,1,2,2
CA0,switch,E,Subway,LeftArrow,0.738054990768433,nsw_e_e,1,e_e_hit,NaN,NaN,315,1,2,2
CA0,switch,P,Petpea,RightArrow,1.07674407958984,nsw_e_p,1,e_p_crj,NaN,NaN,316,2,3,2
CA0,switch,P,Erlwob,RightArrow,1.03656387329102,nsw_p_p,1,p_p_crj,NaN,NaN,319,2,3,2
CA0,switch,E,Chisel,RightArrow,0.848469018936157,nsw_p_e,0,p_e_miss,NaN,NaN,328,1,2,2
CA0,switch,P,Pawnsit,RightArrow,0.766720056533813,nsw_e_p,1,e_p_crj,NaN,NaN,316,2,3,2
CA0,switch,P,Leypan,RightArrow,0.867069005966187,nsw_p_p,1,p_p_crj,NaN,NaN,319,2,3,2
CA0,switch,D,Daumen,LeftArrow,0.675457000732422,nsw_p_d,1,p_d_hit,NaN,NaN,317,1,1,2
CA0,switch,D,Falke,LeftArrow,0.494417905807495,nsw_d_d,1,d_d_hit,NaN,NaN,311,1,1,2
CA0,switch,P,Sichtglib,RightArrow,0.919793128967285,nsw_d_p,1,d_p_crj,NaN,NaN,313,2,3,2
CA0,switch,E,Wrestling,LeftArrow,1.37984704971313,nsw_p_e,1,p_e_hit,NaN,NaN,318,1,2,2
CA0,switch,D,Roller,LeftArrow,0.492730140686035,sw_e_d,1,e_d_hit,NaN,1,314,1,1,2
CA0,switch,D,Traube,LeftArrow,0.444445133209229,nsw_d_d,1,d_d_hit,NaN,NaN,311,1,1,2
CA0,switch,P,Nefree,RightArrow,0.673789024353027,nsw_d_p,1,d_p_crj,NaN,NaN,313,2,3,2
CA0,switch,D,Gletscher,LeftArrow,0.578672170639038,nsw_p_d,1,p_d_hit,NaN,NaN,317,1,1,2
CA0,switch,D,Orkan,LeftArrow,0.653671026229858,nsw_d_d,1,d_d_hit,NaN,NaN,311,1,1,2
CA0,switch,E,Metro,LeftArrow,0.540452003479004,sw_d_e,1,d_e_hit,1,NaN,312,1,2,2
CA0,switch,E,Chapel,LeftArrow,0.569421052932739,nsw_e_e,1,e_e_hit,NaN,NaN,315,1,2,2
CA0,switch,D,Flugzeug,LeftArrow,0.531966924667358,sw_e_d,1,e_d_hit,NaN,1,314,1,1,2
CA0,switch,P,Zwieglet,RightArrow,0.829302072525024,nsw_d_p,1,d_p_crj,NaN,NaN,313,2,3,2
CA0,switch,P,Humwahl,RightArrow,0.801903963088989,nsw_p_p,1,p_p_crj,NaN,NaN,319,2,3,2
CA0,switch,P,Schalgenz,RightArrow,0.962318181991577,nsw_p_p,1,p_p_crj,NaN,NaN,319,2,3,2
CA0,switch,D,Rabe,LeftArrow,0.508136034011841,nsw_p_d,1,p_d_hit,NaN,NaN,317,1,1,2
CA0,switch,E,Saucepan,RightArrow,0.950824022293091,sw_d_e,0,d_e_miss,1,NaN,322,1,2,2
CA0,switch,D,Pfirsich,LeftArrow,1.35276889801025,sw_e_d,1,e_d_hit,NaN,1,314,1,1,2
CA0,switch,P,Pigmal,RightArrow,0.669661998748779,nsw_d_p,1,d_p_crj,NaN,NaN,313,2,3,2
CA0,switch,E,Airport,RightArrow,0.518327951431274,nsw_p_e,0,p_e_miss,NaN,NaN,328,1,2,2
CA0,switch,P,Anrobe,LeftArrow,0.899646997451782,nsw_e_p,0,e_p_fa,NaN,NaN,326,2,3,2
CA0,switch,E,Hedgehog,RightArrow,1.33570098876953,nsw_p_e,0,p_e_miss,NaN,NaN,328,1,2,2
CA0,switch,P,Neyrel,RightArrow,0.696459054946899,nsw_e_p,1,e_p_crj,NaN,NaN,316,2,3,2
CA0,switch,E,Backbone,RightArrow,0.725369215011597,nsw_p_e,0,p_e_miss,NaN,NaN,328,1,2,2
CA0,switch,P,Piecot,RightArrow,3.14389514923096,nsw_e_p,1,e_p_crj,NaN,NaN,316,2,3,2
CA0,switch,E,Sunshine,LeftArrow,0.576215982437134,nsw_p_e,1,p_e_hit,NaN,NaN,318,1,2,2
CA0,switch,E,Flooding,LeftArrow,1.61358618736267,nsw_e_e,1,e_e_hit,NaN,NaN,315,1,2,2
CA0,switch,D,Rettich,LeftArrow,1.09602999687195,sw_e_d,1,e_d_hit,NaN,1,314,1,1,2
CA0,switch,P,Hedgesur,RightArrow,0.853549957275391,nsw_d_p,1,d_p_crj,NaN,NaN,313,2,3,2
CA0,switch,P,Tachret,RightArrow,0.725816011428833,nsw_p_p,1,p_p_crj,NaN,NaN,319,2,3,2
CA0,switch,P,Traudat,RightArrow,0.970266819000244,nsw_p_p,1,p_p_crj,NaN,NaN,319,2,3,2
CA0,switch,E,Teaspoon,LeftArrow,1.17447090148926,nsw_p_e,1,p_e_hit,NaN,NaN,318,1,2,2
CA0,switch,E,Skiing,LeftArrow,0.686197996139526,nsw_e_e,1,e_e_hit,NaN,NaN,315,1,2,2
CA0,switch,P,Erkes,RightArrow,0.628978967666626,nsw_e_p,1,e_p_crj,NaN,NaN,316,2,3,2
CA0,switch,P,Settas,RightArrow,0.85181188583374,nsw_p_p,1,p_p_crj,NaN,NaN,319,2,3,2
CA0,switch,E,Lorry,RightArrow,1.62789416313171,nsw_p_e,0,p_e_miss,NaN,NaN,328,1,2,2
CA0,switch,P,Pfante,RightArrow,3.12447190284729,nsw_e_p,1,e_p_crj,NaN,NaN,316,2,3,2
CA0,switch,P,Plantmus,RightArrow,1.79098415374756,nsw_p_p,1,p_p_crj,NaN,NaN,319,2,3,2
CA0,switch,E,Toaster,LeftArrow,0.627126932144165,nsw_p_e,1,p_e_hit,NaN,NaN,318,1,2,2
CA0,switch,P,Coatmet,RightArrow,1.25815987586975,nsw_e_p,1,e_p_crj,NaN,NaN,316,2,3,2
CA0,switch,D,Amsel,LeftArrow,0.701423168182373,nsw_p_d,1,p_d_hit,NaN,NaN,317,1,1,2
CA0,switch,D,Klavier,LeftArrow,1.7720890045166,nsw_d_d,1,d_d_hit,NaN,NaN,311,1,1,2
CA0,switch,D,Kerze,LeftArrow,0.472285985946655,nsw_d_d,1,d_d_hit,NaN,NaN,311,1,1,2
CA0,switch,E,Thunder,LeftArrow,0.70547080039978,sw_d_e,1,d_e_hit,1,NaN,312,1,2,2
CA0,switch,P,Soonber,RightArrow,0.942234039306641,nsw_e_p,1,e_p_crj,NaN,NaN,316,2,3,2
CA0,switch,D,Pflaume,LeftArrow,0.536314010620117,nsw_p_d,1,p_d_hit,NaN,NaN,317,1,1,2
CA0,switch,E,Jigsaw,LeftArrow,0.881310939788818,sw_d_e,1,d_e_hit,1,NaN,312,1,2,2
CA0,switch,E,Climbing,LeftArrow,0.597586154937744,nsw_e_e,1,e_e_hit,NaN,NaN,315,1,2,2
CA0,switch,D,Boxen,LeftArrow,0.54020881652832,sw_e_d,1,e_d_hit,NaN,1,314,1,1,2
CA0,switch,D,Joggen,LeftArrow,0.491545915603638,nsw_d_d,1,d_d_hit,NaN,NaN,311,1,1,2
CA0,switch,D,Tanzen,LeftArrow,0.520729064941406,nsw_d_d,1,d_d_hit,NaN,NaN,311,1,1,2
CA0,switch,D,Tierarzt,LeftArrow,0.607789993286133,nsw_d_d,1,d_d_hit,NaN,NaN,311,1,1,2
CA0,switch,E,Radish,RightArrow,1.6906430721283,sw_d_e,0,d_e_miss,1,NaN,322,1,2,2
CA0,switch,E,Pumpkin,LeftArrow,0.578645944595337,nsw_e_e,1,e_e_hit,NaN,NaN,315,1,2,2
CA0,switch,P,Schniewich,RightArrow,1.01145577430725,nsw_e_p,1,e_p_crj,NaN,NaN,316,2,3,2
CA0,switch,E,Guitar,LeftArrow,0.571412801742554,nsw_p_e,1,p_e_hit,NaN,NaN,318,1,2,2
CA0,switch,P,Garbad,RightArrow,1.72018790245056,nsw_e_p,1,e_p_crj,NaN,NaN,316,2,3,2
CA0,switch,D,Maurer,LeftArrow,0.656122922897339,nsw_p_d,1,p_d_hit,NaN,NaN,317,1,1,2
CA0,switch,D,Kanu,LeftArrow,0.632954120635986,nsw_d_d,1,d_d_hit,NaN,NaN,311,1,1,2
CA0,switch,P,Waistair,RightArrow,1.21560192108154,nsw_d_p,1,d_p_crj,NaN,NaN,313,2,3,2
CA0,switch,P,Beetbal,RightArrow,1.50498199462891,nsw_p_p,1,p_p_crj,NaN,NaN,319,2,3,2
CA0,switch,E,Freezer,LeftArrow,0.945766925811768,nsw_p_e,1,p_e_hit,NaN,NaN,318,1,2,2
CA0,switch,E,Octave,LeftArrow,0.920001983642578,nsw_e_e,1,e_e_hit,NaN,NaN,315,1,2,2
CA0,switch,E,Cleaner,LeftArrow,0.8000807762146,nsw_e_e,1,e_e_hit,NaN,NaN,315,1,2,2
CA0,switch,E,Hoodie,LeftArrow,0.62862491607666,nsw_e_e,1,e_e_hit,NaN,NaN,315,1,2,2
CA0,switch,E,Chainsaw,LeftArrow,0.817364931106567,nsw_e_e,1,e_e_hit,NaN,NaN,315,1,2,2
CA0,switch,D,Feile,LeftArrow,0.981856107711792,sw_e_d,1,e_d_hit,NaN,1,314,1,1,2
CA0,switch,D,Spiegel,LeftArrow,0.469900131225586,nsw_d_d,1,d_d_hit,NaN,NaN,311,1,1,2
CA0,switch,E,Prison,LeftArrow,0.654943943023682,sw_d_e,1,d_e_hit,1,NaN,312,1,2,2
CA0,switch,P,Protsilp,RightArrow,0.927864074707031,nsw_e_p,1,e_p_crj,NaN,NaN,316,2,3,2
CA0,switch,E,Copper,LeftArrow,1.47017383575439,nsw_p_e,1,p_e_hit,NaN,NaN,318,1,2,2
CA0,switch,P,Phincoat,RightArrow,1.38481616973877,nsw_e_p,1,e_p_crj,NaN,NaN,316,2,3,2
CA0,switch,E,Dresser,LeftArrow,0.591967821121216,nsw_p_e,1,p_e_hit,NaN,NaN,318,1,2,2
CA0,switch,E,Lemon,LeftArrow,0.540563106536865,nsw_e_e,1,e_e_hit,NaN,NaN,315,1,2,2
CA0,switch,E,Rowing,LeftArrow,0.917962074279785,nsw_e_e,1,e_e_hit,NaN,NaN,315,1,2,2
CA0,switch,E,Forehead,LeftArrow,0.964350938796997,nsw_e_e,1,e_e_hit,NaN,NaN,315,1,2,2
CA0,switch,P,Monrot,RightArrow,1.33036589622498,nsw_e_p,1,e_p_crj,NaN,NaN,316,2,3,2
CA0,switch,D,Nashorn,LeftArrow,1.49753284454346,nsw_p_d,1,p_d_hit,NaN,NaN,317,1,1,2
CA0,switch,D,Birne,LeftArrow,0.590412139892578,nsw_d_d,1,d_d_hit,NaN,NaN,311,1,1,2
CA0,switch,E,Trolley,LeftArrow,0.701208114624023,sw_d_e,1,d_e_hit,1,NaN,312,1,2,2
CA0,switch,D,Gabel,LeftArrow,0.580287933349609,sw_e_d,1,e_d_hit,NaN,1,314,1,1,2
CA0,switch,E,Melon,LeftArrow,0.628998041152954,sw_d_e,1,d_e_hit,1,NaN,312,1,2,2
CA0,switch,P,Wilzlen,RightArrow,0.76553201675415,nsw_e_p,1,e_p_crj,NaN,NaN,316,2,3,2
CA0,switch,E,Mallet,RightArrow,1.02221393585205,nsw_p_e,0,p_e_miss,NaN,NaN,328,1,2,2
CA0,switch,E,Lightning,LeftArrow,0.983896017074585,nsw_e_e,1,e_e_hit,NaN,NaN,315,1,2,2
CA0,switch,P,Wolfser,RightArrow,1.39009594917297,nsw_e_p,1,e_p_crj,NaN,NaN,316,2,3,2
CA0,switch,P,Cregar,RightArrow,1.57098913192749,nsw_p_p,1,p_p_crj,NaN,NaN,319,2,3,2
CA0,switch,D,Widder,LeftArrow,0.967465877532959,nsw_p_d,1,p_d_hit,NaN,NaN,317,1,1,2
CA0,switch,D,Bohrer,LeftArrow,0.587309122085571,nsw_d_d,1,d_d_hit,NaN,NaN,311,1,1,2
CA0,switch,E,Robin,LeftArrow,2.64635300636292,sw_d_e,1,d_e_hit,1,NaN,312,1,2,2
CA0,switch,D,Rhythmus,LeftArrow,0.688462018966675,sw_e_d,1,e_d_hit,NaN,1,314,1,1,2
CA0,switch,P,Feitrom,RightArrow,1.10333609580994,nsw_d_p,1,d_p_crj,NaN,NaN,313,2,3,2
CA0,switch,P,Carcaft,LeftArrow,1.67261815071106,nsw_p_p,0,p_p_fa,NaN,NaN,329,2,3,2
CA0,switch,P,Pfirber,RightArrow,0.711225032806396,nsw_p_p,1,p_p_crj,NaN,NaN,319,2,3,2
CA0,switch,E,Lion,RightArrow,0.50554084777832,nsw_p_e,0,p_e_miss,NaN,NaN,328,1,2,2
CA0,switch,D,Gehirn,LeftArrow,0.7066969871521,sw_e_d,1,e_d_hit,NaN,1,314,1,1,2
CA0,switch,D,Bluse,LeftArrow,0.62732195854187,nsw_d_d,1,d_d_hit,NaN,NaN,311,1,1,2
CA0,switch,P,Zwiead,RightArrow,1.16426920890808,nsw_d_p,1,d_p_crj,NaN,NaN,313,2,3,2
CA0,switch,D,Bolzen,LeftArrow,0.711692094802856,nsw_p_d,1,p_d_hit,NaN,NaN,317,1,1,2
CA0,switch,D,Werkstatt,LeftArrow,0.610262870788574,nsw_d_d,1,d_d_hit,NaN,NaN,311,1,1,2
CA0,switch,E,Bamboo,LeftArrow,0.679175138473511,sw_d_e,1,d_e_hit,1,NaN,312,1,2,2
CA0,switch,E,Driver,LeftArrow,0.605875968933105,nsw_e_e,1,e_e_hit,NaN,NaN,315,1,2,2
CA0,switch,P,Mondon,RightArrow,1.07077503204346,nsw_e_p,1,e_p_crj,NaN,NaN,316,2,3,2
CA0,switch,P,Wadbard,RightArrow,0.658446073532104,nsw_p_p,1,p_p_crj,NaN,NaN,319,2,3,2
CA0,switch,D,Knarre,LeftArrow,0.741031885147095,nsw_p_d,1,p_d_hit,NaN,NaN,317,1,1,2
CA0,switch,P,Bladrad,RightArrow,0.797639846801758,nsw_d_p,1,d_p_crj,NaN,NaN,313,2,3,2
CA0,switch,D,Auge,LeftArrow,0.503774166107178,nsw_p_d,1,p_d_hit,NaN,NaN,317,1,1,2
CA0,switch,P,Scherich,RightArrow,1.22303104400635,nsw_d_p,1,d_p_crj,NaN,NaN,313,2,3,2
CA0,switch,E,Monkey,LeftArrow,0.636321067810059,nsw_p_e,1,p_e_hit,NaN,NaN,318,1,2,2
CA0,switch,D,Spargel,LeftArrow,0.7154700756073,sw_e_d,1,e_d_hit,NaN,1,314,1,1,2
CA0,switch,P,Stockmock,RightArrow,1.14831495285034,nsw_d_p,1,d_p_crj,NaN,NaN,313,2,3,2
CA0,switch,P,Fenman,RightArrow,1.02367496490479,nsw_p_p,1,p_p_crj,NaN,NaN,319,2,3,2
CA0,switch,P,Walpfrei,RightArrow,1.45527100563049,nsw_p_p,1,p_p_crj,NaN,NaN,319,2,3,2
CA0,switch,E,Cotton,LeftArrow,0.903830051422119,nsw_p_e,1,p_e_hit,NaN,NaN,318,1,2,2
CA0,switch,D,Lehrer,LeftArrow,0.542144060134888,sw_e_d,1,e_d_hit,NaN,1,314,1,1,2
CA0,switch,E,Warehouse,LeftArrow,0.697435855865479,sw_d_e,1,d_e_hit,1,NaN,312,1,2,2
CA0,switch,D,Katze,LeftArrow,0.504264116287231,sw_e_d,1,e_d_hit,NaN,1,314,1,1,2
CA0,switch,E,Cottage,LeftArrow,0.937355041503906,sw_d_e,1,d_e_hit,1,NaN,312,1,2,2
CA0,switch,D,Weste,LeftArrow,0.54939079284668,sw_e_d,1,e_d_hit,NaN,1,314,1,1,2
CA0,switch,E,Fiddle,RightArrow,1.32204294204712,sw_d_e,0,d_e_miss,1,NaN,322,1,2,2
CA0,switch,P,Stattkla,RightArrow,0.721451997756958,nsw_e_p,1,e_p_crj,NaN,NaN,316,2,3,2
CA0,switch,P,Nerla,RightArrow,0.979947805404663,nsw_p_p,1,p_p_crj,NaN,NaN,319,2,3,2
CA0,switch,P,Hudme,RightArrow,0.630128860473633,nsw_p_p,1,p_p_crj,NaN,NaN,319,2,3,2
CA0,switch,E,Timber,LeftArrow,0.731251001358032,nsw_p_e,1,p_e_hit,NaN,NaN,318,1,2,2
CA0,switch,D,Schauer,LeftArrow,0.707533836364746,sw_e_d,1,e_d_hit,NaN,1,314,1,1,2
CA0,switch,P,Bobok,RightArrow,0.712067842483521,nsw_d_p,1,d_p_crj,NaN,NaN,313,2,3,2
CA0,switch,D,Fechten,LeftArrow,0.910686016082764,nsw_p_d,1,p_d_hit,NaN,NaN,317,1,1,2
CA0,switch,D,Schemel,LeftArrow,1.70865297317505,nsw_d_d,1,d_d_hit,NaN,NaN,311,1,1,2
CA0,switch,E,Bookshelf,LeftArrow,1.19473791122437,sw_d_e,1,d_e_hit,1,NaN,312,1,2,2
CA0,switch,E,Linen,RightArrow,1.25434589385986,nsw_e_e,0,e_e_miss,NaN,NaN,325,1,2,2
CA0,switch,D,Gaumen,LeftArrow,1.44355201721191,sw_e_d,1,e_d_hit,NaN,1,314,1,1,2
CA0,switch,E,Reindeer,RightArrow,0.862176895141602,sw_d_e,0,d_e_miss,1,NaN,322,1,2,2
CA0,switch,P,Merseg,LeftArrow,1.64830493927002,nsw_e_p,0,e_p_fa,NaN,NaN,326,2,3,2
CA0,switch,D,Hose,LeftArrow,0.754370927810669,nsw_p_d,1,p_d_hit,NaN,NaN,317,1,1,2
CA0,switch,P,Maukasch,RightArrow,1.61896204948425,nsw_d_p,1,d_p_crj,NaN,NaN,313,2,3,2
CA0,switch,P,Taucke,RightArrow,0.927441120147705,nsw_p_p,1,p_p_crj,NaN,NaN,319,2,3,2
CA0,switch,D,Kirche,LeftArrow,0.809589862823486,nsw_p_d,1,p_d_hit,NaN,NaN,317,1,1,2
CA0,switch,E,Donkey,LeftArrow,0.829930067062378,sw_d_e,1,d_e_hit,1,NaN,312,1,2,2
CA0,switch,E,Ginger,LeftArrow,0.704011917114258,nsw_e_e,1,e_e_hit,NaN,NaN,315,1,2,2
CA0,switch,P,Naleu,RightArrow,0.786948919296265,nsw_e_p,1,e_p_crj,NaN,NaN,316,2,3,2
CA0,switch,E,Ladder,RightArrow,0.865395069122314,nsw_p_e,0,p_e_miss,NaN,NaN,328,1,2,2
CA0,switch,D,Kamel,LeftArrow,0.961785078048706,sw_e_d,1,e_d_hit,NaN,1,314,1,1,2
CA0,switch,P,Wildhar,RightArrow,1.19778084754944,nsw_d_p,1,d_p_crj,NaN,NaN,313,2,3,2
CA0,switch,D,Waage,LeftArrow,0.573414087295532,nsw_p_d,1,p_d_hit,NaN,NaN,317,1,1,2
CA0,switch,D,Soldat,LeftArrow,0.696394920349121,nsw_d_d,1,d_d_hit,NaN,NaN,311,1,1,2
CA0,switch,E,Steamer,LeftArrow,0.683161973953247,sw_d_e,1,d_e_hit,1,NaN,312,1,2,2
CA0,switch,E,Resort,LeftArrow,0.731803894042969,nsw_e_e,1,e_e_hit,NaN,NaN,315,1,2,2
CA0,switch,E,Artist,LeftArrow,1.54638481140137,nsw_e_e,1,e_e_hit,NaN,NaN,315,1,2,2
CA0,switch,E,Stocking,LeftArrow,1.46090888977051,nsw_e_e,1,e_e_hit,NaN,NaN,315,1,2,2
CA0,switch,P,Pentwi,RightArrow,0.699743986129761,nsw_e_p,1,e_p_crj,NaN,NaN,316,2,3,2
CA0,switch,D,Uhu,LeftArrow,0.630616903305054,nsw_p_d,1,p_d_hit,NaN,NaN,317,1,1,2
CA0,switch,P,Spramus,RightArrow,1.96311593055725,nsw_d_p,1,d_p_crj,NaN,NaN,313,2,3,2
CA0,switch,E,Sweater,LeftArrow,0.55828595161438,nsw_p_e,1,p_e_hit,NaN,NaN,318,1,2,2
CA0,switch,D,Plastik,LeftArrow,0.601231098175049,sw_e_d,1,e_d_hit,NaN,1,314,1,1,2
CA0,switch,E,Cutter,LeftArrow,0.580328941345215,sw_d_e,1,d_e_hit,1,NaN,312,1,2,2
CA0,switch,E,Jumper,LeftArrow,0.407285928726196,nsw_e_e,1,e_e_hit,NaN,NaN,315,1,2,2
CA0,switch,D,Nase,LeftArrow,0.462455034255981,sw_e_d,1,e_d_hit,NaN,1,314,1,1,2
CA0,switch,E,Pliers,RightArrow,0.659954071044922,sw_d_e,0,d_e_miss,1,NaN,322,1,2,2
CA0,switch,D,Schlagzeug,LeftArrow,0.584854125976563,sw_e_d,1,e_d_hit,NaN,1,314,1,1,2
CA0,switch,P,Daukan,RightArrow,0.773800849914551,nsw_d_p,1,d_p_crj,NaN,NaN,313,2,3,2
CA0,switch,P,Lightclim,RightArrow,0.822548866271973,nsw_p_p,1,p_p_crj,NaN,NaN,319,2,3,2
CA0,switch,D,Seide,LeftArrow,0.796725988388062,nsw_p_d,1,p_d_hit,NaN,NaN,317,1,1,2
CA0,switch,D,Korsett,LeftArrow,0.836903095245361,nsw_d_d,1,d_d_hit,NaN,NaN,311,1,1,2
CA0,switch,P,Pentrom,RightArrow,0.747278928756714,nsw_d_p,1,d_p_crj,NaN,NaN,313,2,3,2
CA0,switch,P,Pfanstik,RightArrow,0.77392578125,nsw_p_p,1,p_p_crj,NaN,NaN,319,2,3,2
CA0,switch,P,Balcraft,RightArrow,0.652688980102539,nsw_p_p,1,p_p_crj,NaN,NaN,319,2,3,2
CA0,switch,E,Scraper,LeftArrow,0.691082954406738,nsw_p_e,1,p_e_hit,NaN,NaN,318,1,2,2
CA0,switch,D,Regen,LeftArrow,0.481734037399292,sw_e_d,1,e_d_hit,NaN,1,314,1,1,2
CA0,switch,D,Messer,LeftArrow,0.520836114883423,nsw_d_d,1,d_d_hit,NaN,NaN,311,1,1,2
CA0,switch,E,Wagon,LeftArrow,0.82406210899353,sw_d_e,1,d_e_hit,1,NaN,312,1,2,2
CA0,switch,E,Walnut,LeftArrow,0.634367227554321,nsw_e_e,1,e_e_hit,NaN,NaN,315,1,2,2
CA0,switch,E,Silver,LeftArrow,0.403289079666138,nsw_e_e,1,e_e_hit,NaN,NaN,315,1,2,2
CA0,switch,P,Melgen,RightArrow,0.740412950515747,nsw_e_p,1,e_p_crj,NaN,NaN,316,2,3,2
CA0,switch,E,Currant,LeftArrow,1.83493995666504,nsw_p_e,1,p_e_hit,NaN,NaN,318,1,2,2
CA0,switch,D,Ratte,LeftArrow,0.562587976455688,sw_e_d,1,e_d_hit,NaN,1,314,1,1,2
CA0,switch,D,Tauchen,LeftArrow,0.595757007598877,nsw_d_d,1,d_d_hit,NaN,NaN,311,1,1,2
CA0,switch,E,Bladder,LeftArrow,0.914849996566772,sw_d_e,1,d_e_hit,1,NaN,312,1,2,2
CA0,switch,P,Rotkel,RightArrow,1.89894390106201,nsw_e_p,1,e_p_crj,NaN,NaN,316,2,3,2
CA0,switch,P,Wearloan,RightArrow,0.878720998764038,nsw_p_p,1,p_p_crj,NaN,NaN,319,2,3,2
CA0,switch,D,Regal,LeftArrow,0.726809024810791,nsw_p_d,1,p_d_hit,NaN,NaN,317,1,1,2
CA0,switch,P,Buntel,RightArrow,1.09554409980774,nsw_d_p,1,d_p_crj,NaN,NaN,313,2,3,2
CA0,switch,P,Baglor,RightArrow,0.651045083999634,nsw_p_p,1,p_p_crj,NaN,NaN,319,2,3,2
CA0,switch,P,Floodbon,RightArrow,1.69970011711121,nsw_p_p,1,p_p_crj,NaN,NaN,319,2,3,2
CA0,switch,P,Dengren,RightArrow,1.24992418289185,nsw_p_p,1,p_p_crj,NaN,NaN,319,2,3,2
CA0,switch,D,Schneesturm,LeftArrow,0.865003108978271,nsw_p_d,1,p_d_hit,NaN,NaN,317,1,1,2
CA0,switch,D,Hobel,LeftArrow,0.714993000030518,nsw_d_d,1,d_d_hit,NaN,NaN,311,1,1,2
CA0,switch,P,Scherad,RightArrow,1.19769597053528,nsw_d_p,1,d_p_crj,NaN,NaN,313,2,3,2
CA0,switch,P,Lehmo,RightArrow,0.740898132324219,nsw_p_p,1,p_p_crj,NaN,NaN,319,2,3,2
CA0,switch,P,Trettle,RightArrow,2.65154194831848,nsw_p_p,1,p_p_crj,NaN,NaN,319,2,3,2
CA0,switch,E,Trombone,RightArrow,1.14138507843018,nsw_p_e,0,p_e_miss,NaN,NaN,328,1,2,2
CA0,switch,E,Bowling,LeftArrow,0.659123182296753,nsw_e_e,1,e_e_hit,NaN,NaN,315,1,2,2
CA0,switch,P,Selwild,RightArrow,0.973690986633301,nsw_e_p,1,e_p_crj,NaN,NaN,316,2,3,2
CA0,switch,D,Bunker,LeftArrow,0.615638971328735,nsw_p_d,1,p_d_hit,NaN,NaN,317,1,1,2
CA0,switch,D,Kaschmir,LeftArrow,0.724441051483154,nsw_d_d,1,d_d_hit,NaN,NaN,311,1,1,2
CA0,switch,D,Lippe,RightArrow,0.611207962036133,nsw_d_d,0,d_d_miss,NaN,NaN,321,1,1,2
CA0,switch,D,Turnen,LeftArrow,0.620177984237671,nsw_d_d,1,d_d_hit,NaN,NaN,311,1,1,2
CA0,switch,P,Shawmod,RightArrow,0.823209047317505,nsw_d_p,1,d_p_crj,NaN,NaN,313,2,3,2
CA0,switch,D,Kessel,LeftArrow,0.587754964828491,nsw_p_d,1,p_d_hit,NaN,NaN,317,1,1,2
CA0,switch,P,Fallze,RightArrow,0.820624113082886,nsw_d_p,1,d_p_crj,NaN,NaN,313,2,3,2
CA0,switch,E,Doctor,LeftArrow,0.49531888961792,nsw_p_e,1,p_e_hit,NaN,NaN,318,1,2,2
CA0,switch,P,Stocers,RightArrow,1.09845209121704,nsw_e_p,1,e_p_crj,NaN,NaN,316,2,3,2
CA0,switch,E,Drawer,LeftArrow,1.2159481048584,nsw_p_e,1,p_e_hit,NaN,NaN,318,1,2,2
CA0,switch,D,Magen,LeftArrow,0.787423849105835,sw_e_d,1,e_d_hit,NaN,1,314,1,1,2
CA0,switch,E,Plumber,LeftArrow,2.60588192939758,sw_d_e,1,d_e_hit,1,NaN,312,1,2,2
CA0,switch,P,Prirant,RightArrow,0.915687084197998,nsw_e_p,1,e_p_crj,NaN,NaN,316,2,3,2
CA0,switch,E,Garlic,LeftArrow,0.68988299369812,nsw_p_e,1,p_e_hit,NaN,NaN,318,1,2,2
CA0,switch,D,Teller,LeftArrow,0.626428127288818,sw_e_d,1,e_d_hit,NaN,1,314,1,1,2
CA0,switch,P,Clorsot,RightArrow,0.837419986724854,nsw_d_p,1,d_p_crj,NaN,NaN,313,2,3,2
CA0,switch,D,Bieber,RightArrow,1.27366304397583,nsw_p_d,0,p_d_miss,NaN,NaN,327,1,1,2
CA0,switch,E,Ballad,RightArrow,3.13280606269836,sw_d_e,0,d_e_miss,1,NaN,322,1,2,2
CA0,switch,P,Schautich,LeftArrow,0.629148006439209,nsw_e_p,0,e_p_fa,NaN,NaN,326,2,3,2
CA0,switch,P,Truad,RightArrow,0.702179908752441,nsw_p_p,1,p_p_crj,NaN,NaN,319,2,3,2
CA0,switch,D,Wolfram,RightArrow,0.814753770828247,nsw_p_d,0,p_d_miss,NaN,NaN,327,1,1,2
CA0,switch,P,Fenkohl,RightArrow,1.13129019737244,nsw_d_p,1,d_p_crj,NaN,NaN,313,2,3,2
CA0,switch,E,Chicken,LeftArrow,0.728706836700439,nsw_p_e,1,p_e_hit,NaN,NaN,318,1,2,2
CA0,switch,D,Laute,LeftArrow,0.62143087387085,sw_e_d,1,e_d_hit,NaN,1,314,1,1,2
CA0,switch,D,Geier,LeftArrow,0.826114177703857,nsw_d_d,1,d_d_hit,NaN,NaN,311,1,1,2
CA0,switch,P,Derfal,RightArrow,0.764738082885742,nsw_d_p,1,d_p_crj,NaN,NaN,313,2,3,2
CA0,switch,E,Waistcoat,LeftArrow,0.838928937911987,nsw_p_e,1,p_e_hit,NaN,NaN,318,1,2,2
CA0,switch,D,Bauer,LeftArrow,0.753446817398071,sw_e_d,1,e_d_hit,NaN,1,314,1,1,2
CA0,switch,P,Showgren,RightArrow,2.24213981628418,nsw_d_p,1,d_p_crj,NaN,NaN,313,2,3,2
CA0,switch,P,Bluzeug,RightArrow,1.50306010246277,nsw_p_p,1,p_p_crj,NaN,NaN,319,2,3,2
CA0,switch,E,Cardboard,LeftArrow,2.03581595420837,nsw_p_e,1,p_e_hit,NaN,NaN,318,1,2,2
CA0,switch,D,Jacke,LeftArrow,0.692945003509521,sw_e_d,1,e_d_hit,NaN,1,314,1,1,2
CA0,switch,D,Orgel,LeftArrow,0.699522018432617,nsw_d_d,1,d_d_hit,NaN,NaN,311,1,1,2
CA0,switch,D,Bagger,LeftArrow,0.888047933578491,nsw_d_d,1,d_d_hit,NaN,NaN,311,1,1,2
CA0,switch,E,Helmet,LeftArrow,1.22823619842529,sw_d_e,1,d_e_hit,1,NaN,312,1,2,2
CA0,switch,E,Aircraft,LeftArrow,0.601726055145264,nsw_e_e,1,e_e_hit,NaN,NaN,315,1,2,2
CA0,switch,D,Wolke,LeftArrow,0.536530017852783,sw_e_d,1,e_d_hit,NaN,1,314,1,1,2
CA0,switch,P,Twikey,RightArrow,1.14185214042664,nsw_d_p,1,d_p_crj,NaN,NaN,313,2,3,2
CA0,switch,P,Mornal,RightArrow,1.32554292678833,nsw_p_p,1,p_p_crj,NaN,NaN,319,2,3,2
CA0,switch,P,Nepa,RightArrow,0.644590854644775,nsw_p_p,1,p_p_crj,NaN,NaN,319,2,3,2
CA0,switch,D,Fischer,LeftArrow,0.527568101882935,nsw_p_d,1,p_d_hit,NaN,NaN,317,1,1,2
CA0,switch,P,Mortist,RightArrow,1.71878409385681,nsw_d_p,1,d_p_crj,NaN,NaN,313,2,3,2
CA0,switch,P,Musner,RightArrow,0.856695890426636,nsw_p_p,1,p_p_crj,NaN,NaN,319,2,3,2
CA0,switch,D,Labor,LeftArrow,0.587275981903076,nsw_p_d,1,p_d_hit,NaN,NaN,317,1,1,2
CA0,switch,D,Sessel,RightArrow,0.998361825942993,nsw_d_d,0,d_d_miss,NaN,NaN,321,1,1,2
CA0,switch,D,Bohne,LeftArrow,1.66405391693115,nsw_d_d,1,d_d_hit,NaN,NaN,311,1,1,2
CA0,switch,E,Chestnut,LeftArrow,1.16632699966431,sw_d_e,1,d_e_hit,1,NaN,312,1,2,2
CA0,switch,P,Rafus,RightArrow,2.08557796478271,nsw_e_p,1,e_p_crj,NaN,NaN,316,2,3,2
CA0,switch,P,Oldress,RightArrow,1.9249861240387,nsw_p_p,1,p_p_crj,NaN,NaN,319,2,3,2
CA0,switch,P,Ningtrom,RightArrow,1.20838594436646,nsw_p_p,1,p_p_crj,NaN,NaN,319,2,3,2
CA0,switch,D,Rotkohl,LeftArrow,0.913877964019775,nsw_p_d,1,p_d_hit,NaN,NaN,317,1,1,2
CA0,switch,E,Rubber,LeftArrow,0.834234952926636,sw_d_e,1,d_e_hit,1,NaN,312,1,2,2
CA0,switch,P,Bresteam,RightArrow,2.77231788635254,nsw_e_p,1,e_p_crj,NaN,NaN,316,2,3,2
CA0,switch,P,Stirom,RightArrow,0.965790033340454,nsw_p_p,1,p_p_crj,NaN,NaN,319,2,3,2
CA0,switch,E,Earthquake,LeftArrow,0.733932018280029,nsw_p_e,1,p_e_hit,NaN,NaN,318,1,2,2
CA0,switch,E,Cabbage,LeftArrow,0.758549928665161,nsw_e_e,1,e_e_hit,NaN,NaN,315,1,2,2
CA0,switch,D,Wolle,LeftArrow,0.593050003051758,sw_e_d,1,e_d_hit,NaN,1,314,1,1,2
CA0,switch,E,Trumpet,LeftArrow,0.728263139724731,sw_d_e,1,d_e_hit,1,NaN,312,1,2,2
CA0,switch,D,Palast,LeftArrow,0.629060983657837,sw_e_d,1,e_d_hit,NaN,1,314,1,1,2
CA0,switch,P,Lerwan,RightArrow,1.92967510223389,nsw_d_p,1,d_p_crj,NaN,NaN,313,2,3,2
CA0,switch,P,Setpea,RightArrow,1.1253068447113,nsw_p_p,1,p_p_crj,NaN,NaN,319,2,3,2
CA0,switch,P,Mannel,RightArrow,0.950934886932373,nsw_p_p,1,p_p_crj,NaN,NaN,319,2,3,2
CA0,switch,P,Silearth,RightArrow,0.75910210609436,nsw_p_p,1,p_p_crj,NaN,NaN,319,2,3,2
CA0,switch,D,Segeln,RightArrow,0.631533145904541,nsw_p_d,0,p_d_miss,NaN,NaN,327,1,1,2
CA0,switch,E,Autumn,LeftArrow,0.700191020965576,sw_d_e,1,d_e_hit,1,NaN,312,1,2,2
CA0,switch,E,Gauntlet,RightArrow,0.689025163650513,nsw_e_e,0,e_e_miss,NaN,NaN,325,1,2,2
CA0,switch,D,Kaki,RightArrow,0.695614099502563,sw_e_d,0,e_d_miss,NaN,1,324,1,1,2
CA0,switch,E,Parrot,LeftArrow,1.16807913780212,sw_d_e,1,d_e_hit,1,NaN,312,1,2,2
CA0,switch,P,Albage,RightArrow,1.05957698822021,nsw_e_p,1,e_p_crj,NaN,NaN,316,2,3,2
CA0,switch,P,Surfree,RightArrow,3.97152495384216,nsw_p_p,1,p_p_crj,NaN,NaN,319,2,3,2
CA0,switch,P,Kuckdau,RightArrow,1.1996169090271,nsw_p_p,1,p_p_crj,NaN,NaN,319,2,3,2
CA0,switch,D,Fussball,LeftArrow,0.620925903320313,nsw_p_d,1,p_d_hit,NaN,NaN,317,1,1,2
CA0,switch,E,Sunrise,LeftArrow,0.655771017074585,sw_d_e,1,d_e_hit,1,NaN,312,1,2,2
CA0,switch,D,Elster,LeftArrow,0.642592906951904,sw_e_d,1,e_d_hit,NaN,1,314,1,1,2
CA0,switch,D,Zwiebel,LeftArrow,0.593365907669067,nsw_d_d,1,d_d_hit,NaN,NaN,311,1,1,2
CA0,switch,P,Sunpamp,RightArrow,1.05048584938049,nsw_d_p,1,d_p_crj,NaN,NaN,313,2,3,2
CA0,switch,E,Tailor,LeftArrow,0.850106954574585,nsw_p_e,1,p_e_hit,NaN,NaN,318,1,2,2
CA0,switch,E,Penguin,LeftArrow,0.984231948852539,nsw_e_e,1,e_e_hit,NaN,NaN,315,1,2,2
CA0,switch,P,Caktard,RightArrow,1.19628405570984,nsw_e_p,1,e_p_crj,NaN,NaN,316,2,3,2
CA0,switch,E,Blender,LeftArrow,1.52739500999451,nsw_p_e,1,p_e_hit,NaN,NaN,318,1,2,2
CA0,switch,P,Bankja,RightArrow,0.844184160232544,nsw_e_p,1,e_p_crj,NaN,NaN,316,2,3,2
CA0,switch,E,Ostrich,LeftArrow,0.700730085372925,nsw_p_e,1,p_e_hit,NaN,NaN,318,1,2,2
CA0,switch,E,Skating,LeftArrow,0.753572940826416,nsw_e_e,1,e_e_hit,NaN,NaN,315,1,2,2
CA0,switch,E,Twilight,LeftArrow,0.686276912689209,nsw_e_e,1,e_e_hit,NaN,NaN,315,1,2,2
CA0,switch,P,Vieruck,RightArrow,1.14112114906311,nsw_e_p,1,e_p_crj,NaN,NaN,316,2,3,2
CA0,switch,E,Wetsuit,LeftArrow,1.34103512763977,nsw_p_e,1,p_e_hit,NaN,NaN,318,1,2,2
CA0,switch,E,Berry,LeftArrow,0.586198091506958,nsw_e_e,1,e_e_hit,NaN,NaN,315,1,2,2
CA0,switch,E,Bagpipe,RightArrow,1.00740194320679,nsw_e_e,0,e_e_miss,NaN,NaN,325,1,2,2
CA0,switch,E,Singer,LeftArrow,1.48151707649231,nsw_e_e,1,e_e_hit,NaN,NaN,315,1,2,2
CA0,switch,E,Hammock,LeftArrow,1.17428803443909,nsw_e_e,1,e_e_hit,NaN,NaN,315,1,2,2
CA0,switch,E,Kidney,LeftArrow,0.801403045654297,nsw_e_e,1,e_e_hit,NaN,NaN,315,1,2,2
CA0,switch,D,Schlange,LeftArrow,0.569793939590454,sw_e_d,1,e_d_hit,NaN,1,314,1,1,2
CA0,switch,P,Peclean,RightArrow,0.768991947174072,nsw_d_p,1,d_p_crj,NaN,NaN,313,2,3,2
CA0,switch,D,Kellner,LeftArrow,0.691254854202271,nsw_p_d,1,p_d_hit,NaN,NaN,317,1,1,2
CA0,switch,D,Nebel,LeftArrow,0.509981155395508,nsw_d_d,1,d_d_hit,NaN,NaN,311,1,1,2
CA0,switch,E,Fishing,LeftArrow,0.527286052703857,sw_d_e,1,d_e_hit,1,NaN,312,1,2,2
CA0,switch,P,Pilrag,RightArrow,0.698124170303345,nsw_e_p,1,e_p_crj,NaN,NaN,316,2,3,2
CA0,switch,P,Freabye,RightArrow,1.49878907203674,nsw_p_p,1,p_p_crj,NaN,NaN,319,2,3,2
CA0,switch,E,Cupboard,LeftArrow,0.991388082504272,nsw_p_e,1,p_e_hit,NaN,NaN,318,1,2,2
CA0,switch,P,Scheuwe,RightArrow,1.13523316383362,nsw_e_p,1,e_p_crj,NaN,NaN,316,2,3,2
CA0,switch,E,Railcar,RightArrow,1.63276886940002,nsw_p_e,0,p_e_miss,NaN,NaN,328,1,2,2
CA0,switch,D,Kuckuck,LeftArrow,1.10107183456421,sw_e_d,1,e_d_hit,NaN,1,314,1,1,2
CA0,switch,E,Eggplant,LeftArrow,0.650573015213013,sw_d_e,1,d_e_hit,1,NaN,312,1,2,2
CA0,switch,P,Swalroe,RightArrow,0.617558002471924,nsw_e_p,1,e_p_crj,NaN,NaN,316,2,3,2
CA0,switch,P,Tinseg,RightArrow,1.63252186775208,nsw_p_p,1,p_p_crj,NaN,NaN,319,2,3,2
CA0,switch,P,Boncan,RightArrow,0.642654180526733,nsw_p_p,1,p_p_crj,NaN,NaN,319,2,3,2
CA0,switch,P,Schlanaus,RightArrow,0.78155517578125,nsw_p_p,1,p_p_crj,NaN,NaN,319,2,3,2
CA0,switch,E,Slipper,LeftArrow,0.722148895263672,nsw_p_e,1,p_e_hit,NaN,NaN,318,1,2,2
CA0,switch,E,Eclipse,LeftArrow,0.896734952926636,nsw_e_e,1,e_e_hit,NaN,NaN,315,1,2,2
CA0,switch,D,Taifun,LeftArrow,0.856633186340332,sw_e_d,1,e_d_hit,NaN,1,314,1,1,2
CA0,switch,P,Kanbe,RightArrow,0.797070980072021,nsw_d_p,1,d_p_crj,NaN,NaN,313,2,3,2
CA0,switch,E,Wardrobe,LeftArrow,1.03144812583923,nsw_p_e,1,p_e_hit,NaN,NaN,318,1,2,2
CA0,switch,D,Lunge,LeftArrow,0.631402969360352,sw_e_d,1,e_d_hit,NaN,1,314,1,1,2
CA0,switch,P,Schrauschi,RightArrow,0.861966133117676,nsw_d_p,1,d_p_crj,NaN,NaN,313,2,3,2
CA0,switch,D,Liege,LeftArrow,0.644418001174927,nsw_p_d,1,p_d_hit,NaN,NaN,317,1,1,2
CA0,switch,D,Leder,LeftArrow,0.535476207733154,nsw_d_d,1,d_d_hit,NaN,NaN,311,1,1,2
CA0,switch,E,Heater,LeftArrow,0.840616941452026,sw_d_e,1,d_e_hit,1,NaN,312,1,2,2
CA0,switch,P,Kothrin,RightArrow,1.37729692459106,nsw_e_p,1,e_p_crj,NaN,NaN,316,2,3,2
CA0,switch,D,Richter,LeftArrow,0.591892957687378,nsw_p_d,1,p_d_hit,NaN,NaN,317,1,1,2
CA0,switch,P,Winbut,RightArrow,1.35080194473267,nsw_d_p,1,d_p_crj,NaN,NaN,313,2,3,2
CA0,switch,D,Dattel,LeftArrow,0.599858999252319,nsw_p_d,1,p_d_hit,NaN,NaN,317,1,1,2
CA0,switch,D,Nagel,LeftArrow,0.458868026733398,nsw_d_d,1,d_d_hit,NaN,NaN,311,1,1,2
CA0,switch,P,Bielip,RightArrow,0.830087900161743,nsw_d_p,1,d_p_crj,NaN,NaN,313,2,3,2
CA0,switch,D,Trikot,LeftArrow,0.774405002593994,nsw_p_d,1,p_d_hit,NaN,NaN,317,1,1,2
CA0,switch,E,Spider,LeftArrow,1.07075500488281,sw_d_e,1,d_e_hit,1,NaN,312,1,2,2
CA0,switch,E,Dentist,LeftArrow,0.632327079772949,nsw_e_e,1,e_e_hit,NaN,NaN,315,1,2,2
CA0,switch,E,Surgeon,LeftArrow,0.931555032730103,nsw_e_e,1,e_e_hit,NaN,NaN,315,1,2,2
CA0,switch,D,Hymne,LeftArrow,0.633586883544922,sw_e_d,1,e_d_hit,NaN,1,314,1,1,2
CA0,switch,P,Slitist,RightArrow,1.09925198554993,nsw_d_p,1,d_p_crj,NaN,NaN,313,2,3,2
CA0,switch,P,Wearlpie,RightArrow,1.68398904800415,nsw_p_p,1,p_p_crj,NaN,NaN,319,2,3,2
CA0,switch,D,Hocker,LeftArrow,0.580193042755127,nsw_p_d,1,p_d_hit,NaN,NaN,317,1,1,2
CA0,switch,D,Bahnhof,LeftArrow,0.487167835235596,nsw_d_d,1,d_d_hit,NaN,NaN,311,1,1,2
CA0,switch,P,Slochen,RightArrow,0.948137044906616,nsw_d_p,1,d_p_crj,NaN,NaN,313,2,3,2
CA0,switch,P,Carftbeat,RightArrow,1.17445302009583,nsw_p_p,1,p_p_crj,NaN,NaN,319,2,3,2
CA0,switch,E,Peacock,LeftArrow,0.589939832687378,nsw_p_e,1,p_e_hit,NaN,NaN,318,1,2,2
CA0,switch,P,Prekey,RightArrow,0.805244922637939,nsw_e_p,1,e_p_crj,NaN,NaN,316,2,3,2
CA0,switch,D,Mantel,LeftArrow,0.53177285194397,nsw_p_d,1,p_d_hit,NaN,NaN,317,1,1,2
CA0,switch,P,Rainshaw,LeftArrow,0.574515104293823,nsw_d_p,0,d_p_fa,NaN,NaN,323,2,3,2
CA0,switch,D,Erbse,LeftArrow,1.09363889694214,nsw_p_d,1,p_d_hit,NaN,NaN,317,1,1,2
CA0,switch,D,Feige,LeftArrow,0.793394088745117,nsw_d_d,1,d_d_hit,NaN,NaN,311,1,1,2
CA0,switch,E,Juicer,LeftArrow,0.817437887191772,sw_d_e,1,d_e_hit,1,NaN,312,1,2,2
CA0,switch,P,Soltrol,RightArrow,0.669477939605713,nsw_e_p,1,e_p_crj,NaN,NaN,316,2,3,2
CA0,switch,E,Mushroom,LeftArrow,0.716324090957642,nsw_p_e,1,p_e_hit,NaN,NaN,318,1,2,2
CA0,switch,P,Storschmitt,RightArrow,1.29467296600342,nsw_e_p,1,e_p_crj,NaN,NaN,316,2,3,2
CA0,switch,P,Ranthog,RightArrow,0.857985973358154,nsw_p_p,1,p_p_crj,NaN,NaN,319,2,3,2
CA0,switch,E,Fibre,RightArrow,2.21623301506042,nsw_p_e,0,p_e_miss,NaN,NaN,328,1,2,2
CA0,switch,E,Liver,LeftArrow,0.720922946929932,nsw_e_e,1,e_e_hit,NaN,NaN,315,1,2,2
CA0,switch,E,Hiking,LeftArrow,0.993668079376221,nsw_e_e,1,e_e_hit,NaN,NaN,315,1,2,2
CA0,switch,D,Eule,LeftArrow,0.595589160919189,sw_e_d,1,e_d_hit,NaN,1,314,1,1,2
CA0,switch,E,Apron,LeftArrow,1.40881586074829,sw_d_e,1,d_e_hit,1,NaN,312,1,2,2
CA0,switch,D,Kirsche,LeftArrow,0.747956991195679,sw_e_d,1,e_d_hit,NaN,1,314,1,1,2
CA0,switch,D,Panzer,LeftArrow,1.83417415618896,nsw_d_d,1,d_d_hit,NaN,NaN,311,1,1,2
CA0,switch,E,Gable,LeftArrow,0.593513965606689,sw_d_e,1,d_e_hit,1,NaN,312,1,2,2
CA0,switch,D,Meise,LeftArrow,0.640589952468872,sw_e_d,1,e_d_hit,NaN,1,314,1,1,2
CA0,switch,P,Stiebrik,RightArrow,1.02135896682739,nsw_d_p,1,d_p_crj,NaN,NaN,313,2,3,2
CA0,switch,P,Schrauseg,RightArrow,1.07717895507813,nsw_p_p,1,p_p_crj,NaN,NaN,319,2,3,2
CA0,switch,D,Spinat,LeftArrow,0.720777034759521,nsw_p_d,1,p_d_hit,NaN,NaN,317,1,1,2
CA0,switch,E,Rhubarb,RightArrow,0.735368013381958,sw_d_e,0,d_e_miss,1,NaN,322,1,2,2
CA0,switch,E,Pigeon,LeftArrow,0.826106071472168,nsw_e_e,1,e_e_hit,NaN,NaN,315,1,2,2
CA0,switch,P,Seirot,RightArrow,0.862429141998291,nsw_e_p,1,e_p_crj,NaN,NaN,316,2,3,2
CA0,switch,D,Ziege,LeftArrow,0.684612035751343,nsw_p_d,1,p_d_hit,NaN,NaN,317,1,1,2
CA0,switch,P,Glafa,RightArrow,0.813063144683838,nsw_d_p,1,d_p_crj,NaN,NaN,313,2,3,2
CA0,switch,D,Titan,LeftArrow,0.743744134902954,nsw_p_d,1,p_d_hit,NaN,NaN,317,1,1,2
CA0,switch,P,Reboh,RightArrow,0.694133043289185,nsw_d_p,1,d_p_crj,NaN,NaN,313,2,3,2
CA0,switch,P,Zwiene,RightArrow,0.956791877746582,nsw_p_p,1,p_p_crj,NaN,NaN,319,2,3,2
CA0,switch,E,Showroom,LeftArrow,1.00893902778625,nsw_p_e,1,p_e_hit,NaN,NaN,318,1,2,2
CA0,switch,E,Badger,LeftArrow,0.816898107528687,nsw_e_e,1,e_e_hit,NaN,NaN,315,1,2,2
CA0,switch,P,Richset,RightArrow,0.799318790435791,nsw_e_p,1,e_p_crj,NaN,NaN,316,2,3,2
CA0,switch,D,Stiefel,LeftArrow,0.603721141815186,nsw_p_d,1,p_d_hit,NaN,NaN,317,1,1,2
CA0,switch,D,Wildschwein,LeftArrow,0.78418493270874,nsw_d_d,1,d_d_hit,NaN,NaN,311,1,1,2
CA0,switch,D,Fahrrad,LeftArrow,0.645067930221558,nsw_d_d,1,d_d_hit,NaN,NaN,311,1,1,2
CA0,switch,E,Skillet,LeftArrow,0.765881061553955,sw_d_e,1,d_e_hit,1,NaN,312,1,2,2
CA0,switch,E,Pupil,LeftArrow,1.02637481689453,nsw_e_e,1,e_e_hit,NaN,NaN,315,1,2,2
CA0,switch,D,Sommer,LeftArrow,0.57631778717041,sw_e_d,1,e_d_hit,NaN,1,314,1,1,2
CA0,switch,P,Waldat,LeftArrow,0.885385990142822,nsw_d_p,0,d_p_fa,NaN,NaN,323,2,3,2
CA0,switch,E,Mortar,RightArrow,1.22744011878967,nsw_p_e,0,p_e_miss,NaN,NaN,328,1,2,2
CA0,switch,P,Baune,RightArrow,1.65082311630249,nsw_e_p,1,e_p_crj,NaN,NaN,316,2,3,2
CA0,switch,D,Hagel,LeftArrow,0.775052070617676,nsw_p_d,1,p_d_hit,NaN,NaN,317,1,1,2
CA0,switch,E,Table,LeftArrow,0.777466773986816,sw_d_e,1,d_e_hit,1,NaN,312,1,2,2
CA0,switch,P,Auber,RightArrow,0.887857913970947,nsw_e_p,1,e_p_crj,NaN,NaN,316,2,3,2
CA0,switch,E,Trailor,LeftArrow,0.608121871948242,nsw_p_e,1,p_e_hit,NaN,NaN,318,1,2,2
CA0,switch,E,Workbench,LeftArrow,1.95275115966797,nsw_e_e,1,e_e_hit,NaN,NaN,315,1,2,2
CA0,switch,P,Ladrich,RightArrow,2.27605485916138,nsw_e_p,1,e_p_crj,NaN,NaN,316,2,3,2
CA0,switch,D,Mofa,LeftArrow,1.2686779499054,nsw_p_d,1,p_d_hit,NaN,NaN,317,1,1,2
CA0,switch,D,Werkbank,LeftArrow,2.20420408248901,nsw_d_d,1,d_d_hit,NaN,NaN,311,1,1,2
CA0,switch,P,Railtrol,LeftArrow,0.812921047210693,nsw_d_p,0,d_p_fa,NaN,NaN,323,2,3,2
CA0,switch,P,Daucken,RightArrow,0.837399005889893,nsw_p_p,1,p_p_crj,NaN,NaN,319,2,3,2
CA0,switch,D,Barock,LeftArrow,2.31784200668335,nsw_p_d,1,p_d_hit,NaN,NaN,317,1,1,2
CA0,switch,D,Anwalt,LeftArrow,0.654539108276367,nsw_d_d,1,d_d_hit,NaN,NaN,311,1,1,2
CA0,switch,D,Ofen,LeftArrow,0.68733811378479,nsw_d_d,1,d_d_hit,NaN,NaN,311,1,1,2
